SeriesUid,Diameter_mm,Subtlety,InternalStructure,Calcification,Sphericity,Margin,Lobulation,Spiculation,Texture,Malignancy,Cancerous
1.3.6.1.4.1.14519.5.2.1.6279.6001.208737629504245244513001631764,13.53288259,4,1,6,2,2,2,5,2,4,1
1.3.6.1.4.1.14519.5.2.1.6279.6001.208737629504245244513001631764,14.88143912,4,1,6,3,4,2,3,5,3,1
1.3.6.1.4.1.14519.5.2.1.6279.6001.208737629504245244513001631764,10.20083329,5,1,6,3,4,3,2,4,3,1
1.3.6.1.4.1.14519.5.2.1.6279.6001.108231420525711026834210228428,5.916173884,3,1,6,4,5,1,1,5,2,0
1.3.6.1.4.1.14519.5.2.1.6279.6001.162901839201654862079549658100,6.940547015,3,1,6,2,3,2,3,3,3,1
1.3.6.1.4.1.14519.5.2.1.6279.6001.179162671133894061547290922949,7.401764599,5,1,3,4,5,4,3,5,1,0
1.3.6.1.4.1.14519.5.2.1.6279.6001.179162671133894061547290922949,5.744966449,5,1,6,4,4,2,2,5,3,1
1.3.6.1.4.1.14519.5.2.1.6279.6001.179162671133894061547290922949,3.439486702,5,1,3,4,5,2,1,5,1,0